--
-- Script was generated by Devart dbForge Studio for MySQL, Version 8.0.124.0
-- Product home page: http://www.devart.com/dbforge/mysql/studio
-- Script date 2019. 04. 01. 12:31:00
-- Server version: 5.5.5-10.1.35-MariaDB
-- Client version: 4.1
--

-- 
-- Disable foreign keys
-- 
/*!40014 SET @OLD_FOREIGN_KEY_CHECKS=@@FOREIGN_KEY_CHECKS, FOREIGN_KEY_CHECKS=0 */;

-- 
-- Set SQL mode
-- 
/*!40101 SET @OLD_SQL_MODE=@@SQL_MODE, SQL_MODE='NO_AUTO_VALUE_ON_ZERO' */;

-- 
-- Set character set the client will use to send SQL statements to the server
--
SET NAMES 'utf8';

DROP DATABASE IF EXISTS guitar;

CREATE DATABASE IF NOT EXISTS guitar
	CHARACTER SET utf8
	COLLATE utf8_hungarian_ci;

--
-- Set default database
--
USE guitar;

--
-- Create table `users`
--
CREATE TABLE IF NOT EXISTS users (
  userID INT(11) NOT NULL AUTO_INCREMENT,
  username VARCHAR(255) DEFAULT NULL,
  pass VARCHAR(255) DEFAULT NULL,
  email VARCHAR(50) DEFAULT NULL,
  kep_eleresi_ut VARCHAR(255) DEFAULT NULL,
  PRIMARY KEY (userID)
)
ENGINE = INNODB,
AUTO_INCREMENT = 25,
AVG_ROW_LENGTH = 1820,
CHARACTER SET utf8,
COLLATE utf8_hungarian_ci;

--
-- Create table `topics`
--
CREATE TABLE IF NOT EXISTS topics (
  topic_id INT(8) NOT NULL AUTO_INCREMENT,
  topic_subject VARCHAR(255) NOT NULL,
  topic_date DATETIME NOT NULL,
  topic_by INT(8) NOT NULL,
  topic_desc TEXT DEFAULT NULL,
  PRIMARY KEY (topic_id)
)
ENGINE = INNODB,
AUTO_INCREMENT = 12,
AVG_ROW_LENGTH = 4096,
CHARACTER SET utf8,
COLLATE utf8_hungarian_ci;

--
-- Create foreign key
--
ALTER TABLE topics 
  ADD CONSTRAINT topics_ibfk_1 FOREIGN KEY (topic_by)
    REFERENCES users(userID) ON UPDATE CASCADE;

--
-- Create table `posts`
--
CREATE TABLE IF NOT EXISTS posts (
  post_id INT(8) NOT NULL AUTO_INCREMENT,
  post_content TEXT NOT NULL,
  post_date DATETIME NOT NULL,
  post_topic INT(8) NOT NULL,
  post_by INT(8) NOT NULL,
  PRIMARY KEY (post_id)
)
ENGINE = INNODB,
AUTO_INCREMENT = 15,
AVG_ROW_LENGTH = 8192,
CHARACTER SET utf8,
COLLATE utf8_hungarian_ci;

--
-- Create foreign key
--
ALTER TABLE posts 
  ADD CONSTRAINT posts_ibfk_1 FOREIGN KEY (post_topic)
    REFERENCES topics(topic_id) ON DELETE CASCADE ON UPDATE CASCADE;

--
-- Create foreign key
--
ALTER TABLE posts 
  ADD CONSTRAINT posts_ibfk_2 FOREIGN KEY (post_by)
    REFERENCES users(userID) ON UPDATE CASCADE;

--
-- Create table `tipusok`
--
CREATE TABLE IF NOT EXISTS tipusok (
  tipus_ID INT(11) NOT NULL AUTO_INCREMENT,
  tipus VARCHAR(255) DEFAULT NULL,
  PRIMARY KEY (tipus_ID)
)
ENGINE = INNODB,
AUTO_INCREMENT = 3,
AVG_ROW_LENGTH = 8192,
CHARACTER SET utf8,
COLLATE utf8_hungarian_ci;

--
-- Create table `eloadok`
--
CREATE TABLE IF NOT EXISTS eloadok (
  eloado_ID INT(11) NOT NULL AUTO_INCREMENT,
  eloado_nev VARCHAR(255) NOT NULL,
  PRIMARY KEY (eloado_ID)
)
ENGINE = INNODB,
AUTO_INCREMENT = 12,
AVG_ROW_LENGTH = 1489,
CHARACTER SET utf8,
COLLATE utf8_hungarian_ci;

--
-- Create table `kottak`
--
CREATE TABLE IF NOT EXISTS kottak (
  kotta_ID INT(11) NOT NULL AUTO_INCREMENT,
  cim VARCHAR(255) DEFAULT NULL,
  eloado INT(11) NOT NULL,
  tipus INT(11) DEFAULT NULL,
  szarmazas INT(11) DEFAULT NULL,
  eleresi_ut VARCHAR(255) DEFAULT NULL,
  kotta_by INT(11) DEFAULT NULL,
  yt_link VARCHAR(255) DEFAULT NULL,
  PRIMARY KEY (kotta_ID)
)
ENGINE = INNODB,
AUTO_INCREMENT = 14,
AVG_ROW_LENGTH = 1365,
CHARACTER SET utf8,
COLLATE utf8_hungarian_ci;

--
-- Create foreign key
--
ALTER TABLE kottak 
  ADD CONSTRAINT FK_kottak_by FOREIGN KEY (kotta_by)
    REFERENCES users(userID) ON DELETE CASCADE ON UPDATE CASCADE;

--
-- Create foreign key
--
ALTER TABLE kottak 
  ADD CONSTRAINT FK_kottak_eloado FOREIGN KEY (eloado)
    REFERENCES eloadok(eloado_ID) ON DELETE CASCADE ON UPDATE CASCADE;

--
-- Create foreign key
--
ALTER TABLE kottak 
  ADD CONSTRAINT FK_kottak_tipus FOREIGN KEY (tipus)
    REFERENCES tipusok(tipus_ID) ON DELETE CASCADE ON UPDATE CASCADE;

--
-- Create table `like_ok`
--
CREATE TABLE IF NOT EXISTS like_ok (
  l_user_ID INT(11) DEFAULT NULL,
  l_kotta_ID INT(11) DEFAULT NULL
)
ENGINE = INNODB,
AVG_ROW_LENGTH = 1365,
CHARACTER SET utf8,
COLLATE utf8_hungarian_ci;

--
-- Create foreign key
--
ALTER TABLE like_ok 
  ADD CONSTRAINT FK_like_ok_l_kotta_ID FOREIGN KEY (l_kotta_ID)
    REFERENCES kottak(kotta_ID) ON DELETE CASCADE ON UPDATE CASCADE;

--
-- Create foreign key
--
ALTER TABLE like_ok 
  ADD CONSTRAINT FK_like_ok_l_user_ID FOREIGN KEY (l_user_ID)
    REFERENCES users(userID) ON DELETE CASCADE ON UPDATE CASCADE;

--
-- Create table `kedvencek`
--
CREATE TABLE IF NOT EXISTS kedvencek (
  user_ID INT(11) DEFAULT NULL,
  kotta_ID INT(11) DEFAULT NULL
)
ENGINE = INNODB,
AVG_ROW_LENGTH = 3276,
CHARACTER SET utf8,
COLLATE utf8_hungarian_ci;

--
-- Create foreign key
--
ALTER TABLE kedvencek 
  ADD CONSTRAINT FK_kedvencek_kotta_ID FOREIGN KEY (kotta_ID)
    REFERENCES kottak(kotta_ID) ON DELETE CASCADE ON UPDATE CASCADE;

--
-- Create foreign key
--
ALTER TABLE kedvencek 
  ADD CONSTRAINT FK_kedvencek_user_ID FOREIGN KEY (user_ID)
    REFERENCES users(userID) ON DELETE CASCADE ON UPDATE CASCADE;

-- 
-- Dumping data for table users
--
INSERT INTO users VALUES
(1, 'admin', '63a9f0ea7bb98050796b649e85481845', 'admin@admin.com', 'kepek/admin.png'),
(2, 'János_2', '7e58d63b60197ceb55a1c487989a3720', 'user2@gmail.com', 'kepek/János_2.jpg'),
(3, 'Béla_3', '92877af70a45fd6a2ed7fe81e1236b78', 'user_3@gmail.com', 'kepek/Béla_3.gif'),
(4, 'Sanyi_4', '3f02ebe3d7929b091e3d8ccfde2f3bc6', 'sanyi_04@gmail.com', 'kepek/user4.png'),
(5, 'Károly_05', '0a791842f52a0acfbb3a783378c066b8', 'karesz_05@gmail.com', 'kepek/default.png'),
(20, 'Jancsi', '104afb8f1a83fdf1ca9c4db70823600d', 'jancsi@gmail.com', 'kepek/default.jpg'),
(22, 'Mihaly', '7815696ecbf1c96e6894b779456d330e', 'asd@asd.com', 'kepek/default.png'),
(23, 'Borisz', '4dbf44c6b1be736ee92ef90090452fc2', 'boris@gmail.com', 'kepek/default.png'),
(24, 'VlagyimirPutyin', 'fce604e39de4f4edc07ad510665b95e1', 'vlagyimir@putyin.ru', 'kepek/VlagyimirPutyin.jpg');

-- 
-- Dumping data for table tipusok
--
INSERT INTO tipusok VALUES
(1, 'Gitár'),
(2, 'Basszus');

-- 
-- Dumping data for table eloadok
--
INSERT INTO eloadok VALUES
(1, 'Tankcsapda'),
(2, 'John Denver'),
(3, 'Lynyrd Skynyrd'),
(4, 'Elvis Presley'),
(5, 'Ed Sheeran'),
(6, 'Bikini'),
(7, 'Quimby'),
(8, 'Abba'),
(9, 'Bojtorján'),
(10, 'Republic'),
(11, 'Road');

-- 
-- Dumping data for table topics
--
INSERT INTO topics VALUES
(1, 'Milyen gitárt vegyek ?', '2019-01-10 13:25:23', 4, 'A napokban szeretnék gitárt venni. Egy Gibson Les Paul gitáron gondolkodtam, mert minőségileg nagyon jó. Mi a véleményetek róla ?'),
(2, 'Milyen gitárt ne vegyek ???', '2019-01-26 23:34:23', 3, 'Szeretném összegyűjteni azokat a gitárokat, amiket nem ajánlotok, és azt is hogy miért ? Köszönöm'),
(11, 'Fórum Teszt 01', '2019-03-12 07:59:25', 1, 'Teszt a fórumhoz');

-- 
-- Dumping data for table kottak
--
INSERT INTO kottak VALUES
(1, 'Egyszerű Dal', 1, 1, 1, 'kottak/1.txt', 1, 'https://www.youtube.com/embed/OS07TNrrwjU'),
(2, 'Country Roads', 2, 1, 2, 'kottak/2.txt', 1, 'https://www.youtube.com/embed/1vrEljMfXYo'),
(3, 'Can''t Help Falling in Love With You', 4, 1, 2, 'kottak/3.txt', 1, NULL),
(4, 'I See Fire', 5, 1, 2, 'kottak/4.txt', 1, 'https://www.youtube.com/embed/2fngvQS_PmQ'),
(5, 'Sweet Home Alabama', 3, 1, 2, 'kottak/5.txt', 1, NULL),
(6, ' Adjon az ég', 1, 1, 1, 'kottak/6.txt', 1, NULL),
(7, 'Örökké Tart', 1, 1, 1, 'kottak/7.txt', 1, ''),
(8, 'Most múlik Pontosan', 7, 1, 1, 'kottak/8.txt', 1, NULL),
(9, 'Mamma Mia', 8, 1, 1, 'kottak/9.txt', 1, NULL),
(10, 'Csavargódal', 9, 1, 1, 'kottak/10.txt', 1, NULL),
(11, 'Adj erőt, és adj időt nekem', 10, 1, 1, 'kottak/11.txt', 1, 'https://www.youtube.com/embed/8xPdAnL0V4E'),
(12, 'Világcsavargó', 11, 1, 1, 'kottak/12.txt', 1, 'https://www.youtube.com/embed/th8WgJPmDmU'),
(13, 'A Civilizáció Vége', 1, 1, 1, 'kottak/13.txt', 1, 'https://www.youtube.com/embed/D4901QAAMAM');

-- 
-- Dumping data for table posts
--
INSERT INTO posts VALUES
(1, 'Semmilyet', '2019-01-19 11:23:23', 1, 2),
(13, 'все так же', '2019-03-12 13:57:52', 1, 24),
(14, 'Teszt hozzászólás 01\r\n', '2019-03-13 09:08:18', 11, 1);

-- 
-- Dumping data for table like_ok
--
INSERT INTO like_ok VALUES
(2, 2),
(1, 1),
(2, 4),
(3, 4),
(1, 6),
(4, 4),
(5, 4),
(1, 2),
(1, 5),
(1, 4),
(24, 1),
(1, 7);

-- 
-- Dumping data for table kedvencek
--
INSERT INTO kedvencek VALUES
(2, 1),
(2, 3),
(2, 2),
(1, 1),
(1, 2),
(1, 4),
(1, 7);

-- 
-- Restore previous SQL mode
-- 
/*!40101 SET SQL_MODE=@OLD_SQL_MODE */;

-- 
-- Enable foreign keys
-- 
/*!40014 SET FOREIGN_KEY_CHECKS=@OLD_FOREIGN_KEY_CHECKS */;